date,priceOpen,priceHigh,priceLow,priceClose,volume
2021-11-01,1.000369061,1.001410283,0.999916258,1.000815016,1.49878E+11
2021-11-02,1.000821551,1.001427287,1.000256719,1.000678381,89436836448
2021-11-03,1.000648354,1.001284473,1.000496671,1.000856929,87280485610
2021-11-04,1.00097515,1.001897721,1.00070262,1.001553481,76677676369
2021-11-05,1.001545022,1.001668259,1.000615039,1.001453532,65151095549
2021-11-06,1.001316151,1.001959212,1.000630752,1.001516506,55905241687
2021-11-07,1.001422685,1.001586901,1.000153678,1.000443233,82548510715
2021-11-08,1.000521978,1.001227698,1.000122252,1.000201986,93002275939
2021-11-09,1.000100991,1.001986923,0.998028955,1.000097016,1.13809E+11
2021-11-10,1.000356792,1.001997041,0.99804073,1.000644057,83970826408
2021-11-11,1.001448102,1.00199354,0.998088642,1.000113911,82883678293
2021-11-12,0.999110724,1.001992788,0.998028644,1.000848251,65797472687
2021-11-13,1.000842251,1.001952337,0.998091315,1.000366883,54429579952
2021-11-14,1.000259615,1.001988431,0.998158007,1.001501981,64113625426
2021-11-15,1.001456981,1.03301895,0.998159712,1.000674691,98954557342
2021-11-16,1.000488691,1.020047285,0.998016483,1.000063497,84478860409
2021-11-17,1.000168533,1.001964377,0.998103231,0.999969564,95287465626
2021-11-18,1.000069564,1.001998925,0.998041232,1.000819573,82193745588
2021-11-19,1.000679573,1.001999552,0.998413917,1.000362197,72417177800
2021-11-20,0.999638013,1.001998952,0.998094031,1.000872696,69057268195
2021-11-21,1.001287592,1.001986473,0.998080476,1.000451115,79375135623
2021-11-22,1.000506912,1.002513891,0.998044452,1.000125427,84196469142
2021-11-23,0.999986427,1.001991555,0.998047097,1.000697183,84317323264
2021-11-24,0.999483413,1.001990364,0.998292921,0.999601096,91394294449
2021-11-25,1.000985867,1.001981142,0.998260795,1.00036675,1.0674E+11
2021-11-26,1.000286914,1.001998993,0.998305044,1.001099169,73666340601
2021-11-27,1.0012809,1.001999339,0.998538701,1.000125397,73452340871
2021-11-28,0.999929397,1.001966683,0.998104672,1.000525792,73041134842
2021-11-29,1.000583265,1.001925225,0.998422743,1.000285731,87396693339
2021-11-30,1.000448716,1.001975588,0.998472915,1.000255352,80908197091
2021-12-01,1.000234352,1.001998524,0.998172493,1.000174309,77139535799
2021-12-02,0.999993309,1.001993083,0.998440533,1.000617385,92639344690
2021-12-03,1.000505385,1.001997215,0.998765613,1.000006797,1.38598E+11
2021-12-04,0.999860797,1.001997246,0.998547005,1.00063023,82054153191
2021-12-05,1.000632377,1.001951561,0.998272026,1.001361711,93691250219
2021-12-06,1.001239711,1.001993556,0.999267603,1.000971981,76247192218
2021-12-07,1.000940762,1.001985155,0.998013447,0.99936605,69621457268
2021-12-08,0.998969863,1.001976203,0.998137579,1.000881657,69831553004
2021-12-09,1.000591401,1.001984634,0.998025296,1.001740051,68959994142
2021-12-10,1.001641051,1.001996119,0.99804585,1.000555948,57132834419
2021-12-11,1.000958588,1.001939467,0.998072022,1.00105051,46141935617
2021-12-12,1.000617373,1.001994429,0.998089405,1.00013053,66458705759
2021-12-13,1.000380171,1.001998763,0.998180797,1.000647887,72787499023
2021-12-14,1.000462841,1.001206009,0.9980957,1.000402251,77440719349
2021-12-15,1.000230251,1.001998949,0.998515671,1.000260388,60612599459
2021-12-16,1.000092728,1.001995738,0.998151062,1.000838392,69599166416
2021-12-17,1.000356073,1.001968796,0.998199138,1.000182998,55813387710
2021-12-18,1.000039998,1.001958292,0.998262272,0.99998785,49752180810
2021-12-19,1.00007885,1.00199744,0.998072957,0.998971239,66647887174
2021-12-20,0.998879534,1.001957386,0.998019732,1.0003966,55687834682
2021-12-21,1.000544435,1.001988138,0.998028785,1.000331718,57931430463
2021-12-22,1.00047022,1.001986845,0.998213513,1.00038799,69151777565
2021-12-23,1.000279608,1.001998241,0.99812251,1.001201957,60467261268
2021-12-24,1.001028096,1.001997708,0.998026191,0.999922658,48124514320
2021-12-25,0.999989658,1.00196629,0.998136253,1.000448727,50593058831
2021-12-26,1.000328727,1.00199655,0.998009084,0.999943628,54788742594
2021-12-27,0.999570577,1.001997157,0.998492544,1.001167557,74531099414
2021-12-28,1.001252697,1.001981007,0.998043959,1.000293624,63544101067
2021-12-29,1.000199265,1.001956456,0.998300437,1.001035859,54862404131
2021-12-30,1.000955443,1.000955443,0.999560417,1.000189137,57299598140
2021-12-31,1.000093379,1.000747028,1.000029808,1.000500084,43336209524
2022-01-01,1.000491428,1.000850349,1.000160407,1.000459543,43202922802
2022-01-02,1.000452619,1.0007271,1.000040419,1.000164532,54125933259
2022-01-03,1.000160644,1.000537631,0.999977518,1.000208329,60765931554
2022-01-04,1.000204984,1.000625775,0.999951823,1.000121751,77225535519
2022-01-05,1.000123166,1.000598451,0.999980542,1.00019533,71751236899
2022-01-06,1.00020832,1.000628138,0.999844899,1.000252254,82344370614
2022-01-07,1.000259884,1.000444488,0.999878716,1.000097302,62394894090
2022-01-08,1.000096808,1.000314091,1.000008121,1.000257211,49109221960
2022-01-09,1.000256091,1.000303568,1.000020225,1.000180712,68455690767
2022-01-10,1.000179482,1.000520481,1.000018676,1.000362238,59061400900
2022-01-11,1.00036895,1.000713421,1.000210068,1.000289666,62300703831
2022-01-12,1.000287419,1.000762908,1.000262006,1.000404852,63231903910
2022-01-13,1.000411203,1.000756957,1.000162157,1.000282564,60503324000
2022-01-14,1.000300723,1.000940487,1.000221911,1.000642123,41922988280
2022-01-15,1.000726646,1.00081762,1.000242943,1.000416939,41551382127
2022-01-16,1.000433593,1.000648576,1.000218423,1.000368196,51430977642
2022-01-17,1.000351035,1.000996519,1.000174172,1.000419642,52799723207
2022-01-18,1.000412548,1.001041409,1.000189815,1.000489735,50127231375
2022-01-19,1.000479603,1.000890229,1.000071156,1.000256688,38591713522
2022-01-20,1.000250418,1.000719922,1.000013408,1.000176631,86570105642
2022-01-21,1.000181801,1.000941126,1.000072835,1.000157979,90441827607
2022-01-22,1.000155102,1.001007924,1.00010653,1.000490779,57296666670
2022-01-23,1.000498166,1.001062083,1.000108416,1.000438944,88845381041
2022-01-24,1.000442109,1.00090204,1.000169392,1.000604305,58560287216
2022-01-25,1.000595024,1.00111717,1.000290034,1.000629743,70750980627
2022-01-26,1.000631852,1.000858984,1.000207199,1.000343873,53950927548
2022-01-27,1.000342594,1.000723158,1.000151323,1.000344603,50688257403
2022-01-28,1.000340141,1.000632658,1.000194299,1.000362092,39357192812
2022-01-29,1.000455088,1.000607245,1.000233999,1.000341318,35043713256
2022-01-30,1.000343956,1.00067704,1.000265288,1.000485186,45082693892
2022-01-31,1.000505267,1.000741092,1.000354044,1.000425797,43193864245
2022-02-01,1.000427149,1.000663732,1.000308239,1.000380003,44198324772
2022-02-02,1.000380231,1.000762079,1.000288198,1.000385797,41979444063
2022-02-03,1.000387278,1.000994462,1.000277538,1.000562967,59154422463
2022-02-04,1.000564003,1.000806519,1.000378021,1.000595056,50686325002
2022-02-05,1.000586915,1.000828723,1.000362567,1.000679433,40572292703
2022-02-06,1.000676536,1.000852818,1.000397361,1.000555129,64635714287
2022-02-07,1.000554227,1.000990574,1.000491685,1.000618983,72230569455
2022-02-08,1.000604532,1.000998791,1.000544697,1.000743854,53386706331
2022-02-09,1.000729948,1.001053741,1.000506833,1.00072559,77334791717
2022-02-10,1.000730146,1.002683135,1.000504129,1.000722248,66753002645
2022-02-11,1.000719877,1.001073107,1.000472033,1.000600948,49138854287
2022-02-12,1.000597065,1.000864476,1.000417476,1.000455532,41277090178
2022-02-13,1.000443647,1.000864586,1.000325505,1.000512586,48318327792
2022-02-14,1.000513435,1.000740177,1.000364135,1.000584595,53542330209
2022-02-15,1.000599874,1.000699313,1.000340301,1.000396524,48729582312
2022-02-16,1.000402727,1.000600861,1.000325476,1.000514533,59426477844
2022-02-17,1.000504372,1.000707113,1.000401593,1.000558633,52679060916
2022-02-18,1.000545958,1.000769703,1.000407139,1.000575571,37278604791
2022-02-19,1.000584599,1.000790085,1.00031788,1.000408092,45611091002
2022-02-20,1.000402396,1.000874393,1.000319456,1.000502294,72043746349
2022-02-21,1.000458716,1.00084424,1.000347054,1.000703624,60539262856
2022-02-22,1.000711877,1.00096137,1.000453475,1.000498199,54845607157
2022-02-23,1.000581497,1.001024662,1.00029931,1.000636346,1.07952E+11
2022-02-24,1.000641347,1.001107004,1.000339512,1.000473688,66025345539
2022-02-25,1.000485839,1.00072198,1.000291056,1.000397257,46708690534
2022-02-26,1.000393494,1.000790265,1.000266198,1.000491375,57257598779
2022-02-27,1.000506541,1.001013569,1.000223356,1.00035086,72330789600
2022-02-28,1.000359444,1.000605513,1.000180351,1.000451929,75388694286
2022-03-01,1.000452341,1.000667196,1.000242749,1.000467361,68076385283
2022-03-02,1.000473042,1.000565434,0.999957587,1.000016685,57033279685
2022-03-03,1.000015254,1.000726283,0.999999692,1.000197093,61900652306
2022-03-04,1.000197269,1.000381027,1.000086502,1.000275259,39306054797
2022-03-05,1.000271849,1.000545085,1.000057424,1.00024429,43914369258
2022-03-06,1.000251256,1.000570243,1.000060104,1.000123042,61333826920
2022-03-07,1.000089895,1.000591091,1.000046726,1.000282428,55667916973
2022-03-08,1.000284771,1.000496591,1.000104635,1.000293752,67017876859
2022-03-09,1.000285082,1.00066566,1.00018795,1.000565303,65784999972
2022-03-10,1.000580139,1.000637363,1.000067874,1.000199651,58051333936
2022-03-11,1.000214494,1.000372335,1.000017128,1.000080919,38101124958
2022-03-12,1.00006162,1.00036711,1.00006162,1.000198615,42268710956
2022-03-13,1.000190292,1.000380766,1.000112322,1.000218973,52613345077
2022-03-14,1.000216054,1.000502672,1.000104197,1.000333515,52961395870
2022-03-15,1.00033205,1.000501064,1.000174298,1.000434539,74673285342
2022-03-16,1.000428054,1.000617789,1.000242788,1.000499605,52913216462
2022-03-17,1.000480329,1.00089651,1.00032933,1.00048276,64969319781
2022-03-18,1.000486776,1.00076908,1.000382538,1.000509985,58881848497
2022-03-19,1.000505412,1.000737916,1.00037477,1.000427035,57837125338
2022-03-20,1.000416764,1.000541293,1.000297409,1.000346835,64828148834
2022-03-21,1.000349738,1.000706612,1.00030362,1.000336708,71455738693
2022-03-22,1.000349706,1.000701114,1.000260947,1.000409029,68181581345
2022-03-23,1.000453342,1.000667089,1.000282376,1.000600459,77842904360
2022-03-24,1.000604358,1.000630044,1.000350926,1.000405734,64320675570
2022-03-25,1.000422921,1.000539733,1.000330407,1.000360932,39871932342
2022-03-26,1.000360644,1.000605703,1.000267516,1.000375704,59103680528
2022-03-27,1.000365078,1.000651369,1.000226163,1.000412227,86217871591
2022-03-28,1.000405668,1.000662195,1.000280399,1.000449933,80447404974
2022-03-29,1.000427803,1.000574049,1.000219263,1.000278384,79713341087
2022-03-30,1.000272478,1.000734138,1.000200011,1.000303906,90489848043
2022-03-31,1.000306464,1.000638965,1.000228343,1.000358291,92250507858
2022-04-01,1.000369446,1.000522788,1.000275839,1.000344113,79916606735
2022-04-02,1.000348391,1.000680667,1.000195371,1.000273049,67183096448
2022-04-03,1.000276152,1.000450879,1.000151598,1.00022782,79820905659
2022-04-04,1.000222131,1.000437282,1.000121515,1.000194493,71594982811
2022-04-05,1.000198898,1.000464975,1.000085781,1.000154836,92098510461
2022-04-06,1.000148752,1.000491686,1.000093025,1.000262468,61906251582
2022-04-07,1.000261295,1.000546937,1.00017293,1.000287511,64297486911
2022-04-08,1.00028389,1.000581485,1.000152419,1.000372181,40069848333
2022-04-09,1.000354282,1.00056811,1.000240311,1.000292011,43341611560
2022-04-10,1.000298864,1.000606811,1.000194126,1.000348269,73914574528
2022-04-11,1.000350965,1.000552305,1.000178231,1.000435229,68489224153
2022-04-12,1.000441676,1.000441676,1.000127705,1.000274575,57894656914
2022-04-13,1.000276126,1.000416456,1.000054343,1.000127475,52908937427
2022-04-14,1.000120298,1.000439775,1.000069941,1.000239179,42988969647
2022-04-15,1.000236828,1.000391556,1.000130039,1.000295557,35315439111
2022-04-16,1.000290852,1.000435744,1.000144101,1.000313848,40964576376
2022-04-17,1.000321452,1.000503713,1.000153335,1.000218345,68691204704
2022-04-18,1.000213776,1.000419317,1.000154555,1.000342993,57975539645
2022-04-19,1.000350726,1.000595537,1.000152521,1.0002024,66021482830
2022-04-20,1.000202939,1.000490147,1.000118813,1.000156774,77014328066
2022-04-21,1.000142186,1.000366401,1.00007797,1.000234337,60728483573
2022-04-22,1.000221456,1.000381839,1.000103631,1.000227848,38357597167
2022-04-23,1.000217837,1.000445985,1.000165364,1.000343874,39519383045
2022-04-24,1.000346195,1.000392589,1.000103422,1.000145329,73256647805
2022-04-25,1.000130646,1.000264959,1.000039797,1.000072762,69068297656
2022-04-26,1.00005903,1.000283833,1.000013447,1.000152629,61043327313
2022-04-27,1.000154736,1.000291711,1.000028321,1.000190959,68392086439
2022-04-28,1.000199819,1.000237866,0.999985948,1.0000201,67899674445
2022-04-29,1.000000524,1.000250759,0.999969874,1.000154728,57266339850
2022-04-30,1.000152089,1.000374424,1.000098848,1.000112988,61420362842
2022-05-01,1.000100186,1.000281334,0.999925934,0.999955251,63751566652
2022-05-02,0.999951522,1.000233428,0.999902332,1.000045453,52924035065
2022-05-03,1.000021211,1.000141622,0.999940401,1.000037933,72222517203
2022-05-04,1.000038827,1.00019691,0.999920188,0.999988335,85679638685
2022-05-05,0.999990289,1.000214544,0.999915543,0.999982229,81327879764
2022-05-06,0.999971217,1.000049357,0.999773609,0.999920953,57202594793
2022-05-07,0.999918891,1.000063096,0.999739517,0.999854003,77900163502
2022-05-08,0.999870245,1.000133585,0.999769978,0.999908755,1.2071E+11
2022-05-09,0.99994503,1.000133862,0.999708529,0.999791363,1.28692E+11
2022-05-10,0.999790456,0.999996138,0.99345939,0.995872139,1.597E+11
2022-05-11,0.995879341,0.997735957,0.948486108,0.997609369,1.41053E+11
2022-05-12,0.997526567,0.999192526,0.996945131,0.998238836,87009885196
2022-05-13,0.99824229,0.998970971,0.997791008,0.998779858,60781876668
2022-05-14,0.998780052,0.999076624,0.99849204,0.999068753,53979914930
2022-05-15,0.999084142,0.999153061,0.998659309,0.998778697,62504490441
2022-05-16,0.998772389,0.999106574,0.998650093,0.998909095,55745978864
2022-05-17,0.998902267,0.999149764,0.998542449,0.99880222,56067250693
2022-05-18,0.998786158,0.999122438,0.998549716,0.998971448,59651836770
2022-05-19,0.998955672,0.999369558,0.998699793,0.998818097,54960961209
2022-05-20,0.998893774,0.99903764,0.998598502,0.998793386,34924240134
2022-05-21,0.998787289,0.999121427,0.998590095,0.999066157,40965864100
2022-05-22,0.999064902,0.99929445,0.99882916,0.999087904,58585612765
2022-05-23,0.999048082,0.999204452,0.998846688,0.999106925,51053417289
2022-05-24,0.999093168,0.999184682,0.9988175,0.998975839,50311844127
2022-05-25,0.998967285,0.999212292,0.998782804,0.99890684,67771285444
2022-05-26,0.998901559,0.999183578,0.998787263,0.998863165,67961870830
2022-05-27,0.999011356,0.999189101,0.998779083,0.999002173,37159842905
2022-05-28,0.999007892,0.999245517,0.998908929,0.999178475,34572061153
2022-05-29,0.999187405,0.999496627,0.998957915,0.999375791,65155466235
2022-05-30,0.999377964,0.999492692,0.999284649,0.999387864,62841794272
2022-05-31,0.999380886,0.999502339,0.998868791,0.999259539,68866735590
2022-06-01,0.999231698,0.999491073,0.999103666,0.999316574,50520845556
2022-06-02,0.99929453,0.999490939,0.999022346,0.999169542,43789145735
2022-06-03,0.999174246,0.99935738,0.999032341,0.99931283,30834183068
2022-06-04,0.999309478,0.999358131,0.99919427,0.999296458,30872185296
2022-06-05,0.999285588,0.999536793,0.999221368,0.99931136,51540243030
2022-06-06,0.999297966,0.999570852,0.999147029,0.999413542,67008901675
2022-06-07,0.99941526,0.999564439,0.999199107,0.99926202,52176620958
2022-06-08,0.999273271,0.999499296,0.999159418,0.999313864,42359067750
2022-06-09,0.999351744,0.999445119,0.999108827,0.999179594,49685289881
2022-06-10,0.999182168,0.999307717,0.999009354,0.99902472,48736816876
2022-06-11,0.999014309,0.999148953,0.998841561,0.999079581,59051274983
2022-06-12,0.999068604,0.999126205,0.997546673,0.998593716,1.07411E+11
2022-06-13,0.99860152,0.999107669,0.998555496,0.998953775,81024425505
2022-06-14,0.998934443,0.999023065,0.998182911,0.99894156,89017006423
2022-06-15,0.998920398,0.999134073,0.998642225,0.998930313,52400892767
2022-06-16,0.998950758,0.999073732,0.998680704,0.999036213,43836219287
2022-06-17,0.99901818,0.999044693,0.998454301,0.998666672,61973128141
2022-06-18,0.998655989,0.999012205,0.99847014,0.998969481,55603476684
2022-06-19,0.998947342,0.999111209,0.998629081,0.998957231,52157987688
2022-06-20,0.9989706,0.999205729,0.998897629,0.999093824,50165859626
2022-06-21,0.999093199,0.999125585,0.99887237,0.999095273,46130025676
2022-06-22,0.999096137,0.99932813,0.998898129,0.999279616,43198538082
2022-06-23,0.999258629,0.999503827,0.999136683,0.999325132,46919267632
2022-06-24,0.99933637,0.999611206,0.999273322,0.99954834,36390241725
2022-06-25,0.999551221,0.99959536,0.999374311,0.999397555,37228683270
2022-06-26,0.999458244,0.999598591,0.998984086,0.999092262,39296953700
2022-06-27,0.999103635,0.999133769,0.998781786,0.998831673,40773930242
2022-06-28,0.998844209,0.99905769,0.998518758,0.998884493,44380636377
2022-06-29,0.998887866,0.999092665,0.998761811,0.998819176,45578518327
2022-06-30,0.99886029,0.999137156,0.998704715,0.998867183,49683415220
2022-07-01,0.998854901,0.99911943,0.998826536,0.998959784,31666712588
2022-07-02,0.998952691,0.999127624,0.99889129,0.999078186,27890770459
2022-07-03,0.999071046,0.999222969,0.998990754,0.999108563,37816157114
2022-07-04,0.999118121,0.999248217,0.998936095,0.999091705,46794873591
2022-07-05,0.999095285,0.9992206,0.998960297,0.999097923,41932894214
2022-07-06,0.999089272,0.99950579,0.999018919,0.999446243,41395542117
2022-07-07,0.999410777,0.999575538,0.999285117,0.99941819,64720676603
2022-07-08,0.999422326,0.999572342,0.999332925,0.999538489,38957001478
2022-07-09,0.999538654,0.99962921,0.999395938,0.99946462,40170710077
2022-07-10,0.999456483,0.999576003,0.999127829,0.999225448,38726869251
2022-07-11,0.99922524,0.999380086,0.999117613,0.999342911,40368791506
2022-07-12,0.999342331,0.999429072,0.999157235,0.99938395,51757860849
2022-07-13,0.999393977,0.999540322,0.999302072,0.999407401,49222660233
2022-07-14,0.999384878,0.999743844,0.999347198,0.999705841,45982487607
2022-07-15,0.999701331,0.99987989,0.999682554,0.999774264,44126749597
2022-07-16,0.999778797,0.999862976,0.999677038,0.99973377,42189248625
2022-07-17,0.999726211,0.999969638,0.999693457,0.999777284,70390606911
2022-07-18,0.999785034,1.000124034,0.999764038,1.000091937,77160548741
2022-07-19,1.000095576,1.000248852,1.000001768,1.000067995,68306872702
2022-07-20,1.000053046,1.000137775,0.999949382,1.00008016,55292189306
2022-07-21,1.000082225,1.000176539,1.000026679,1.000052197,51645071119
2022-07-22,1.000052097,1.000146367,0.99998405,1.000035657,43014917183
2022-07-23,1.000033506,1.000118082,0.999930429,1.000035159,41955275140
2022-07-24,1.000037517,1.000121553,1.000005786,1.00006227,56307512994
2022-07-25,1.000066793,1.000127884,0.999996286,1.000047356,48266723630
2022-07-26,1.00004814,1.00032752,0.999979547,1.000273874,60104591185
2022-07-27,1.000287744,1.000359793,1.000123071,1.000199871,75754591120
2022-07-28,1.000205377,1.000346052,1.000169229,1.000311016,72013108986
2022-07-29,1.000309611,1.000352405,1.000216771,1.000288738,57489826931
2022-07-30,1.000279766,1.000337882,1.000199722,1.000327991,52267348020
2022-07-31,1.000322478,1.000367838,1.000125184,1.00020363,50882756969
2022-08-01,1.000209575,1.000319404,1.000133398,1.000159313,54793315279
2022-08-02,1.000148201,1.000271564,1.000117308,1.0002037,47717439471
2022-08-03,1.000206626,1.000284698,1.000052548,1.000132856,44526180493
2022-08-04,1.000112256,1.000158973,1.000032466,1.000041823,49723473321
2022-08-05,1.000038463,1.000164528,1.000038463,1.00012548,32961917502
2022-08-06,1.000128403,1.000181089,1.000067858,1.000144449,29901528651
2022-08-07,1.000159235,1.000227305,1.000097393,1.000176618,50243147547
2022-08-08,1.000168652,1.000243687,1.000118489,1.000209065,46070684571
2022-08-09,1.000204775,1.000561836,1.000150735,1.000252801,60085173824
2022-08-10,1.000251142,1.000503868,1.000242511,1.000405773,64445391375
2022-08-11,1.000401265,1.000473183,1.000245084,1.000335573,46783370955
2022-08-12,1.000341913,1.000573963,1.000250474,1.000375519,41593883061
2022-08-13,1.000366943,1.000401378,1.00022568,1.000270796,43866838979
2022-08-14,1.000259864,1.00035416,1.000125147,1.000173656,57703388667
2022-08-15,1.00016873,1.000325245,1.000045477,1.000114789,46945222159
2022-08-16,1.000125098,1.000132264,0.999996952,1.0000731,53355167557
2022-08-17,1.000072494,1.000118533,0.999935458,0.99999924,43149679443
2022-08-18,0.999991409,1.000175314,0.999945967,1.000060316,64302127382
2022-08-19,1.000053326,1.000133355,0.99997253,0.999973707,64302127382
2022-08-20,0.999974179,1.000161115,0.999942332,0.99999441,45699064002
2022-08-21,0.999999431,1.000114417,0.999890614,0.999983778,51710064329
2022-08-22,0.999982718,1.000050417,0.999886065,0.999992337,52978066914
2022-08-23,0.999992377,1.000104993,0.999954956,1.000039112,48708536003
2022-08-24,1.000034169,1.000130084,0.999958592,1.000079823,45854093190
2022-08-25,1.000078198,1.00013881,0.99997296,1.000042933,62406193046
2022-08-26,1.000056455,1.000140473,0.999970513,1.000019357,43316381517
2022-08-27,1.000014534,1.000086686,0.999964925,1.000028162,34337927087
2022-08-28,1.000051034,1.000090667,0.99996776,1.000032254,45837060552
2022-08-29,1.000038791,1.000234492,0.999977013,1.000080746,50170084207
2022-08-30,1.000090197,1.000162896,0.999973863,1.000016496,48405934722
2022-08-31,1.000014292,1.000116605,0.99996803,1.000010481,44702355872
2022-09-01,0.999996297,1.000120046,0.999947924,1.00008874,44468235183
2022-09-02,1.000089066,1.000119816,1.000034109,1.000073506,30873646175
2022-09-03,1.000075709,1.000101322,0.999974949,1.000061418,31495577330
2022-09-04,1.000061671,1.000091561,0.999966307,1.000037975,39598045837
2022-09-05,1.000026794,1.000092847,0.999967055,1.000049125,64015343588
2022-09-06,1.000010651,1.000177965,0.999986757,1.000108774,52755357561
2022-09-07,1.000097355,1.000172852,1.00001422,1.000102288,49640976411
2022-09-08,1.000096147,1.00030285,1.000054617,1.000235035,70683518131
2022-09-09,1.000234539,1.000420222,1.000166888,1.000281407,53524443076
2022-09-10,1.000279052,1.000343037,1.000222425,1.000276425,47160062304
2022-09-11,1.000281063,1.000322916,1.000097981,1.000203678,66834639114
2022-09-12,1.000160935,1.000340309,0.999991769,1.000024596,71413926112
2022-09-13,1.000038237,1.000212513,0.999973883,1.000141715,55170613417
2022-09-14,1.000138287,1.000274658,0.999938724,1.000003382,60606622307
2022-09-15,1.000002313,1.000094708,0.999890826,0.999981057,46290851147
2022-09-16,0.999981737,1.000137132,0.999945317,1.000097774,34904822689
2022-09-17,1.000096381,1.000144969,0.999949043,1.000023083,46056427438
2022-09-18,1.000007831,1.000175086,0.99994457,1.000106253,56769197831
2022-09-19,1.000103844,1.000194331,1.000036996,1.000060389,50515394641
2022-09-20,1.000055188,1.000193838,1.000033362,1.000086229,63560607050
2022-09-21,1.000106179,1.000172012,0.999970923,0.999984346,54330130153
2022-09-22,0.999994194,1.000048042,0.999946252,0.99998148,58265731392
2022-09-23,0.999981504,1.000102168,0.999955157,1.000049646,39015165939
2022-09-24,1.000052935,1.000136511,1.000024152,1.000054502,35041309688
2022-09-25,1.00004669,1.000156619,0.999949825,0.999989717,57810071895
2022-09-26,0.999983718,1.000096033,0.99995064,0.999979754,71681603882
2022-09-27,0.999978057,1.000052085,0.999910828,0.999976486,65738293663
2022-09-28,0.999996787,1.000097107,0.999928078,1.000079386,52649004466
2022-09-29,1.000076166,1.000165439,1.000008642,1.000049005,55223655589
2022-09-30,1.000061634,1.00010743,0.999955893,1.000043067,27312920843
2022-10-01,1.000045244,1.000106243,0.999948106,1.000059934,30109417396
2022-10-02,1.000056316,1.000157521,0.99998416,1.000088898,40191505534
2022-10-03,1.000091369,1.00025636,1.000065202,1.000251249,44505643606
2022-10-04,1.00025028,1.000304972,1.000051652,1.000108945,41883470473
2022-10-05,1.000104959,1.000223896,1.000087508,1.000142546,43958843047
2022-10-06,1.00012744,1.000212126,1.00005836,1.000122202,38019451874
2022-10-07,1.000124728,1.000190136,1.000044265,1.00008298,23441883205
2022-10-08,1.000077795,1.000182248,1.000063717,1.000157968,22977760897
2022-10-09,1.000159174,1.000189358,0.999940212,1.000018293,37843287016
2022-10-10,1.000008831,1.000065146,0.999889143,0.999901447,38468219592
2022-10-11,0.999921481,1.000043554,0.999861503,0.999992147,33048616462
2022-10-12,0.999982768,1.000136036,0.999932234,1.000078523,60450860335
2022-10-13,1.000083462,1.000153045,1.000016286,1.000073972,48926387475
2022-10-14,1.000073175,1.000158871,1.000016652,1.000087068,25527432092
2022-10-15,1.000084241,1.000149423,1.000029336,1.000056538,27428821905
2022-10-16,1.000060268,1.000147899,1.000012043,1.000069005,36706571573
2022-10-17,1.000068406,1.000198188,1.000036924,1.000105604,39012357142
2022-10-18,1.000104706,1.000209796,1.000035929,1.000059855,32767030077
2022-10-19,1.000067945,1.000159237,0.999964017,0.999993945,32981854458
2022-10-20,0.999999633,1.000141415,0.999928138,1.000122876,41430999058
2022-10-21,1.000123693,1.000195898,1.000017324,1.000085324,24133042918
2022-10-22,1.000061496,1.000203082,1.000023942,1.000076603,31629519444
2022-10-23,1.000070213,1.000175002,1.000040827,1.000056659,40494105063
2022-10-24,1.000045748,1.000254514,1.000015443,1.000207982,64740988487
2022-10-25,1.000200464,1.000276643,1.000119261,1.000198766,78294376043
2022-10-26,1.000203554,1.000263207,1.000055775,1.000092196,68447928073
2022-10-27,1.000096743,1.00022456,1.000053084,1.000145522,61718295435
2022-10-28,1.000140526,1.000345852,1.000121894,1.000225579,67603092351
2022-10-29,1.000225509,1.000345667,1.000169627,1.000179015,52873524542
2022-10-30,1.000185057,1.000251675,0.999919166,0.999947206,67168423338
2022-10-31,0.99995576,0.999985449,0.999773522,0.999923578,56795449219
2022-11-01,0.999917762,1.000078617,0.999865432,0.99999627,76399032768
2022-11-02,0.999979193,1.000048306,0.999943744,1.000006533,61590549857
2022-11-03,1.00000746,1.00011872,0.999958982,1.000075884,88078834184
2022-11-04,1.000075451,1.000179512,1.000040084,1.00011862,57121137337
2022-11-05,1.000121193,1.000163973,0.999993761,1.000089755,51095877870
2022-11-06,1.000101253,1.000165394,1.00003886,1.000093516,72598608064
2022-11-07,1.000094367,1.000514578,1.000013977,1.000031904,1.62735E+11
2022-11-08,1.000043368,1.000043412,0.998526146,0.998600289,1.43975E+11
2022-11-09,0.99863408,0.998974867,0.981524736,0.997835005,1.14807E+11
2022-11-10,0.997814285,0.998568921,0.996884656,0.998218267,74933538836
2022-11-11,0.998198053,0.998822911,0.997773073,0.998615882,40298138489
2022-11-12,0.998616954,0.999066483,0.998462564,0.998754598,40189889540
2022-11-13,0.998750309,0.999134107,0.998575678,0.999013472,65634612428
2022-11-14,0.999021099,0.999242562,0.998755629,0.999129695,47859299075
2022-11-15,0.999135804,0.999406232,0.998988366,0.999228772,45661177296
2022-11-16,0.999231166,0.999644757,0.9992031,0.999401901,37744442250
2022-11-17,0.999396161,0.99946811,0.999079703,0.999163296,34879098921
2022-11-18,0.99917543,0.99929167,0.999046328,0.999102236,23288439137
2022-11-19,0.999086577,0.999206601,0.998769986,0.998981708,33834889406
2022-11-20,0.998995273,0.999169031,0.998646315,0.99908945,54558293762
2022-11-21,0.999080996,0.999308651,0.99887386,0.999157055,44056204568
2022-11-22,0.999166368,0.999234838,0.998953683,0.999194328,45720458651
2022-11-23,0.999191382,0.999506583,0.999123337,0.99942118,36841695607
2022-11-24,0.99941653,0.999590242,0.999403572,0.999577518,25728613650
2022-11-25,0.999577095,0.999625975,0.999507244,0.999573963,25190862393
2022-11-26,0.999568174,0.999653565,0.999502892,0.999603592,27588594951
2022-11-27,0.999600325,0.999773467,0.999592531,0.9996621,37268352299
2022-11-28,0.999662396,0.999779455,0.999606233,0.99974412,31450915067
2022-11-29,0.999732642,1.000053433,0.999651272,1.000015443,37405224166
2022-11-30,1.000028702,1.000094122,0.999956374,1.00004443,29913541569
2022-12-01,1.00004159,1.000140255,1.000016521,1.000064527,26380777290
2022-12-02,1.000054973,1.00010533,1.000028394,1.000060665,20609261957
2022-12-03,1.000061161,1.000169407,1.000020454,1.000120157,21649754992
2022-12-04,1.000125275,1.000204938,1.000040082,1.000054367,28743587598
2022-12-05,1.000076306,1.000151395,1.000036319,1.000076933,25563996757
2022-12-06,1.000065406,1.000121971,0.999981313,1.000002324,25829885797
2022-12-07,1.000015828,1.000134092,0.999981874,1.000127165,25868764140
2022-12-08,1.000120612,1.00015733,1.000038315,1.000056665,25000886944
2022-12-09,1.000061349,1.00008827,1.000025442,1.000045532,16256414916
2022-12-10,1.00003345,1.000103406,1.00003345,1.000077997,17036610394
2022-12-11,1.000085451,1.000212237,1.000023526,1.000107,25872687355
2022-12-12,1.000110788,1.000572582,0.999971888,1.000017241,37452330494
2022-12-13,1.00002802,1.00014159,0.999964182,1.000104513,31872407236
2022-12-14,1.000108947,1.000186079,1.000038581,1.000078026,24979746073
2022-12-15,1.000076685,1.000180216,1.000022997,1.000156631,31897990627
2022-12-16,1.000128849,1.000296096,1.000073302,1.000160781,21306704152
2022-12-17,1.000133578,1.000219912,1.000074524,1.000155065,14422416298
2022-12-18,1.00014907,1.000207345,1.000047778,1.000079709,21820408554
2022-12-19,1.00007228,1.000199258,1.000052238,1.000111038,26224288350
2022-12-20,1.000093532,1.000190906,1.000036867,1.000076945,18469483242
2022-12-21,1.000079259,1.00012224,0.999971616,1.000010805,20067291688
2022-12-22,1.000002419,1.000068617,0.999935646,0.999980667,18370924559
2022-12-23,0.999980661,1.000060986,0.999955497,0.999992471,11647419533
2022-12-24,0.999989244,1.000052654,0.999892895,0.999942672,14856104217
2022-12-25,0.999934354,1.000020476,0.999894466,0.999995028,14986560291
2022-12-26,0.99996371,1.000018654,0.999828211,0.999850386,18554435182
2022-12-27,0.99985461,0.999920747,0.999652199,0.999685531,21161758512
2022-12-28,0.999679158,0.999838403,0.999598656,0.99973507,18567214596
2022-12-29,0.999731208,0.999774918,0.999630491,0.999658956,19162959224
2022-12-30,0.999669351,0.99977878,0.99965263,0.999673884,13466542553
2022-12-31,0.999679626,0.99976055,0.999567364,0.99969186,11344984018